parCodigo,parSiglas,parDenominacion,parColor
"0002","JUSTICIALISTA                                     ","JUSTICIALISTA                                                                                       ","8C6E6E"
"0003","UNION CIVICA RADICAL                              ","UNION CIVICA RADICAL                                                                                ","595959"
"0012","COMUNISTA                                         ","COMUNISTA                                                                                           ","FF0000"
"0013","MOVIMIENTO AL SOCIALISMO                          ","MOVIMIENTO AL SOCIALISMO                                                                            ","a30501"
"0023","UNION POPULAR                                     ","UNION POPULAR                                                                                       ","C00000"
"0030","SOCIALISTA AUTENTICO                              ","SOCIALISTA AUTENTICO                                                                                ","F79646"
"0038","MST-MOVIMIENTO SOCIALISTA DE LOS TRABAJADORES     ","MST-MOVIMIENTO SOCIALISTA DE LOS TRABAJADORES                                                       ","F79646"
"0040","MOVIMIENTO LIBRES DEL SUR                         ","MOVIMIENTO LIBRES DEL SUR                                                                           ","820000"
"0041","KOLINA                                            ","KOLINA                                                                                              ","153315"
"0042","ENCUENTRO CIUDADANO                               ","ENCUENTRO CIUDADANO                                                                                 ","B81A34"
"0043","COALICION CIVICA ARI                              ","COALICION CIVICA ARI                                                                                ","F31515"
"0044","DE LA VICTORIA                                    ","DE LA VICTORIA                                                                                      ","0DC95B"
"0045","DESARROLLO SANTACRUCEÑO                           ","DESARROLLO SANTACRUCEÑO                                                                             ","0DAB79"
"0046","PRIMERO SANTA CRUZ                                ","PRIMERO SANTA CRUZ                                                                                  ","B51515"
"0047","SOCIALISMO SANTACRUCEÑO                           ","SOCIALISMO SANTACRUCEÑO                                                                             ","7B0015"
"0050","SOCIALISTA                                        ","SOCIALISTA                                                                                          ","66CCFF"
"0057","MOVIMIENTO DE ACCION VECINAL                      ","MOVIMIENTO DE ACCION VECINAL                                                                        ","008000"
"0060","MOVIMIENTO INDEPENDIENTE JUSTICIA Y DIGNIDAD      ","MOVIMIENTO INDEPENDIENTE JUSTICIA Y DIGNIDAD                                                        ","CC0000"
"0061","IZQUIERDA POR UNA OPCION SOCIALISTA               ","IZQUIERDA POR UNA OPCION SOCIALISTA                                                                 ","00B0F0"
"0063","ES POSIBLE                                        ","ES POSIBLE                                                                                          ","FFFF99"
"0064","PROPUESTA REPUBLICANA                             ","PROPUESTA REPUBLICANA                                                                               ","159533"
"0065","UNION CELESTE Y BLANCO                            ","UNION CELESTE Y BLANCO                                                                              ","FF5050"
"0068","NUEVA IZQUIERDA                                   ","NUEVA IZQUIERDA                                                                                     ","e9897f"
"0069","GEN                                               ","GEN                                                                                                 ","FFFF00"
"0070","DE TRABAJADORES POR EL SOCIALISMO                 ","DE TRABAJADORES POR EL SOCIALISMO                                                                   ","CC3300"
"0071","DEL OBRERO                                        ","DEL OBRERO                                                                                          ","DDD9C3"
"0072","INSTRUMENTO ELECTORAL POR LA UNIDAD POPULAR       ","INSTRUMENTO ELECTORAL POR LA UNIDAD POPULAR                                                         ","CCC0DA"
"0074","PARTIDO DEL TRABAJO Y DEL PUEBLO                  ","PARTIDO DEL TRABAJO Y DEL PUEBLO                                                                    ","FFCCFF"
"0075","PARTIDO DE LA CONCERTACION FORJA                  ","PARTIDO DE LA CONCERTACION FORJA                                                                    ","001515"
"0076","DE LA CULTURA LA EDUCACION Y EL TRABAJO           ","DE LA CULTURA LA EDUCACION Y EL TRABAJO                                                             ","07ad0b"
"0081","PARTIDO POPULAR                                   ","PARTIDO POPULAR                                                                                     ","07ad0b"
"0103","FRENTE DE IZQUIERDA Y LOS TRABAJADORES            ","FRENTE DE IZQUIERDA Y LOS TRABAJADORES                                                              ","538ed5"
"0131","ALIANZA FRENTE PARA LA VICTORIA                   ","ALIANZA FRENTE PARA LA VICTORIA                                                                     ","538ed5"
"0132","ALIANZA PROGRESISTAS                              ","ALIANZA PROGRESISTAS                                                                                ","c70b38"
"0133","ALIANZA COMPROMISO FEDERAL                        ","ALIANZA COMPROMISO FEDERAL                                                                          ","75d4d9"
"0134","MST - NUEVA IZQUIERDA                             ","MST - NUEVA IZQUIERDA                                                                               ","e9897f"
"0135","ALIANZA CAMBIEMOS                                 ","ALIANZA CAMBIEMOS                                                                                   ","ffff00"
"0136","ALIANZA FRENTE POPULAR                            ","ALIANZA FRENTE POPULAR                                                                              ","003366"
"0137","ALIANZA FRENTE DE IZQUIERDA Y DE LOS TRABAJADORES ","ALIANZA FRENTE DE IZQUIERDA Y DE LOS TRABAJADORES                                                   ","ff0000"
"0138","ALIANZA UNIDOS POR UNA NUEVA ALTERNATIVA (UNA)    ","ALIANZA UNIDOS POR UNA NUEVA ALTERNATIVA (UNA)                                                      ","33364f"
"0144","MST-MOVIMIENTO SOCIALISTA DE LOS TRABAJADORES     ","MST-MOVIMIENTO SOCIALISTA DE LOS TRABAJADORES                                                       ","95B3D7"
"0145","CAMBIEMOS BUENOS AIRES                            ","CAMBIEMOS BUENOS AIRES                                                                              ","990000"
"0146","CAMBIEMOS SALTA                                   ","CAMBIEMOS SALTA                                                                                     ","15E306"
"0151","MOVIMIENTO POPULAR NEUQUINO                       ","MOVIMIENTO POPULAR NEUQUINO                                                                         ","6666FF"
"0152","MOVIMIENTO POLO SOCIAL LA TERCERA POSICION DE LA G","MOVIMIENTO POLO SOCIAL LA TERCERA POSICION DE LA GENTE                                              ","33CC33"
"0153","CRUZADA RENOVADORA                                ","CRUZADA RENOVADORA                                                                                  ","414141"
"0154","MOVIMIENTO POPULAR FUEGUINO                       ","MOVIMIENTO POPULAR FUEGUINO                                                                         ","4BACC6"
"0155","MOVIMIENTO UNION DEL PARTIDO DE PINAMAR           ","MOVIMIENTO UNION DEL PARTIDO DE PINAMAR                                                             ","ff0000"
"0157","DE ACCION CHUBUTENSE                              ","DE ACCION CHUBUTENSE                                                                                ","75923C"
"0161","OBRERO                                            ","OBRERO                                                                                              ","9933FF"
"0165","NUEVO OCTUBRE                                     ","NUEVO OCTUBRE                                                                                       ","993366"
"0169","PROYECTO POPULAR                                  ","PROYECTO POPULAR                                                                                    ","07ad0b"
"0177","PARTIDO MOVIMIENTO DE PARTICIPACION CIUDADANA     ","PARTIDO MOVIMIENTO DE PARTICIPACION CIUDADANA                                                       ","CC0066"
"0179","FRENTE CAMBIA JUJUY                               ","FRENTE CAMBIA JUJUY                                                                                 ","F2DDDC"
"0180","DEL CAMPO POPULAR                                 ","DEL CAMPO POPULAR                                                                                   ","FDE9D9"
"0184","PUEBLO NUEVO                                      ","PUEBLO NUEVO                                                                                        ","1515CC"
"0186","AUTODETERMINACION Y LIBERTAD                      ","AUTODETERMINACION Y LIBERTAD                                                                        ","D7E4BC"
"0187","SOCIAL PATAGONICO                                 ","SOCIAL PATAGONICO                                                                                   ","D7E4BC"
"0188","UNITE POR LA LIBERTAD Y LA DIGNIDAD               ","UNITE POR LA LIBERTAD Y LA DIGNIDAD                                                                 ","00B050"
"0189","PARTIDO CIUDADANOS A GOBERNAR                     ","PARTIDO CIUDADANOS A GOBERNAR                                                                       ","F2DDDC"
"0190","MOV.POL. SOCIAL Y CULTURAL PROYECTO SUR           ","MOV.POL. SOCIAL Y CULTURAL PROYECTO SUR                                                             ","E46D0A"
"0192","LIBERTAD Y DEMOCRACIA RESPONSABLE                 ","LIBERTAD Y DEMOCRACIA RESPONSABLE                                                                   ","336565"
"0194","MOVIMIENTO VECINAL DEL PARTIDO DE TRES ARROYOS    ","MOVIMIENTO VECINAL DEL PARTIDO DE TRES ARROYOS                                                      ","663300"
"0198","DE LOS TRABAJADORES SOCIALISTAS                   ","DE LOS TRABAJADORES SOCIALISTAS                                                                     ","663300"
"0202","FRENTE RENOVADOR AUTENTICO                        ","FRENTE RENOVADOR AUTENTICO                                                                          ","CCFFCC"
"0203","INSTRUMENTO ELECTORAL                             ","INSTRUMENTO ELECTORAL                                                                               ","CCFF66"
"0208","POR UN PUEBLO UNIDO                               ","POR UN PUEBLO UNIDO                                                                                 ","33CCCC"
"0212","PRINCIPIOS Y CONVICCION                           ","PRINCIPIOS Y CONVICCION                                                                             ","CCECFF"
"0251","MOVIMIENTO COMUNITARIO PLURICULTURAL              ","MOVIMIENTO COMUNITARIO PLURICULTURAL                                                                ","FEBC94"
"0268","MOV. AMPLIO DE TRAB. Y JUBILADOS-MATRAJU          ","MOV. AMPLIO DE TRAB. Y JUBILADOS-MATRAJU                                                            ","4D4D4D"
"0298","TODOS POR BUENOS AIRES                            ","TODOS POR BUENOS AIRES                                                                              ","538ED5"
"0301","PATRIA GRANDE                                     ","PATRIA GRANDE                                                                                       ","FF99CC"
"0302","BANDERA VECINAL                                   ","BANDERA VECINAL                                                                                     ","FFFF00"
"0333","FUERZA ORG. RENOV. DEMOCRATICA                    ","FUERZA ORG. RENOV. DEMOCRATICA                                                                      ","FF9933"
"0402","PARTIDO PRIMERO JUJUY                             ","PARTIDO PRIMERO JUJUY                                                                               ","151533"
"0406","PARTIDO POR LA DIGNIDAD DEL PUEBLO                ","PARTIDO POR LA DIGNIDAD DEL PUEBLO                                                                  ","004815"
"0427","JUNTOS POR SAN JUAN                               ","JUNTOS POR SAN JUAN                                                                                 ","820000"
"0446","AGR.MUNICIPAL DE LA INTRANSIGENCIA COLONENSE      ","AGR.MUNICIPAL DE LA INTRANSIGENCIA COLONENSE                                                        ","f6ccac"
"0484","NUEVA ALTERNATIVA CARMEÑA                         ","NUEVA ALTERNATIVA CARMEÑA                                                                           ","33364f"
"0501","ALIANZA FRENTE PARA LA VICTORIA                   ","ALIANZA FRENTE PARA LA VICTORIA                                                                     ","538ed5"
"0502","ALIANZA CAMBIEMOS                                 ","ALIANZA CAMBIEMOS                                                                                   ","ffff00"
"0503","ALIANZA COMPROMISO FEDERAL                        ","ALIANZA COMPROMISO FEDERAL                                                                          ","CCCC00"
"0504","ALIANZA FRENTE DE IZQUIERDA Y DE LOS TRABAJADORES ","ALIANZA FRENTE DE IZQUIERDA Y DE LOS TRABAJADORES                                                   ","CCC0DA"
"0506","ALIANZA PROGRESISTAS                              ","ALIANZA PROGRESISTAS                                                                                ","f30d44"
"0507","ALIANZA UNIDOS POR UNA NUEVA ALTERNATIVA          ","ALIANZA UNIDOS POR UNA NUEVA ALTERNATIVA                                                            ","33364f"
"0508","FRENTE UNIDOS Y ORGANIZADOS POR LA SOBERANIA POPUL","FRENTE UNIDOS Y ORGANIZADOS POR LA SOBERANIA POPULAR                                                ","F20DD8"
"0509","ALIANZA UNION PARA VIVIR MEJOR                    ","ALIANZA UNION PARA VIVIR MEJOR                                                                      ","a30501"
"0510","ALIANZA UNION POR CORDOBA                         ","ALIANZA UNION POR CORDOBA                                                                           ","C00000"
"0514","ALIANZA CAMBIEMOS MENDOZA                         ","ALIANZA CAMBIEMOS MENDOZA                                                                           ","ffff00"
"0517","ALIANZA CAMBIEMOS TIERRA DEL FUEGO                ","ALIANZA CAMBIEMOS TIERRA DEL FUEGO                                                                  ","ffff00"
"0518","ALIANZA COMPROMISO CON SAN JUAN                   ","ALIANZA COMPROMISO CON SAN JUAN                                                                     ","820000"
"0519","ALIANZA ENCUENTRO POR CORRIENTES                  ","ALIANZA ENCUENTRO POR CORRIENTES                                                                    ","66CCFF"
"0520","ALIANZA FRENTE AMPLIO FORMOSEÑO                   ","ALIANZA FRENTE AMPLIO FORMOSEÑO                                                                     ","008000"
"0521","ALIANZA FRENTE AMPLIO PODEMOS                     ","ALIANZA FRENTE AMPLIO PODEMOS                                                                       ","CC0000"
"0522","ALIANZA FRENTE CAMBIEMOS                          ","ALIANZA FRENTE CAMBIEMOS                                                                            ","00B0F0"
"0523","ALIANZA CAMBIEMOS RIO NEGRO                       ","ALIANZA CAMBIEMOS RIO NEGRO                                                                         ","ffff00"
"0524","ALIANZA FRENTE CIVICO Y SOCIAL                    ","ALIANZA FRENTE CIVICO Y SOCIAL                                                                      ","FF5050"
"0525","ALIANZA FRENTE PROGRESISTA CIVICO Y SOCIAL        ","ALIANZA FRENTE PROGRESISTA CIVICO Y SOCIAL                                                          ","FF9933"
"0526","ALIANZA FRENTE PROGRESISTA POPULAR                ","ALIANZA FRENTE PROGRESISTA POPULAR                                                                  ","07ad0b"
"0527","ALIANZA FRENTE RENOVADOR FEDERAL DE LA ESPERANZA  ","ALIANZA FRENTE RENOVADOR FEDERAL DE LA ESPERANZA                                                    ","CC3300"
"0528","ALIANZA FRENTE TERCERA POSICION                   ","ALIANZA FRENTE TERCERA POSICION                                                                     ","DDD9C3"
"0529","ALIANZA FRENTE UNIDOS                             ","ALIANZA FRENTE UNIDOS                                                                               ","CCC0DA"
"0530","ALIANZA CAMBIEMOS CHUBUT                          ","ALIANZA CAMBIEMOS CHUBUT                                                                            ","ffff00"
"0531","ALIANZA FRENTE UNION CHUBUT SOMOS TODOS           ","ALIANZA FRENTE UNION CHUBUT SOMOS TODOS                                                             ","07ad0b"
"0532","ALIANZA FRENTE CIVICO Y SOCIAL                    ","ALIANZA FRENTE CIVICO Y SOCIAL                                                                      ","dedede"
"0533","FRENTE CIVICO PARA LA VICTORIA                    ","FRENTE CIVICO PARA LA VICTORIA                                                                      ","E1D50E"
"0534","PROPUESTA FREPAM                                  ","PROPUESTA FREPAM                                                                                    ","33E115"
"0600","UNION VECINALISTA DIGNIDAD PARA TODOS             ","UNION VECINALISTA DIGNIDAD PARA TODOS                                                               ","538ed5"
"0612","NUEVO ZARATE                                      ","NUEVO ZARATE                                                                                        ","f30d44"
"0616","MOVIMIENTO GENERACIONAL                           ","MOVIMIENTO GENERACIONAL                                                                             ","1CE020"
"0625","MOVIMIENTO SOCIAL PARA UNA MEJOR VIDA             ","MOVIMIENTO SOCIAL PARA UNA MEJOR VIDA                                                               ","1CC23E"
"0641","MOVIPRO                                           ","MOVIPRO                                                                                             ","75d4d9"
"0647","PROCLAME                                          ","PROCLAME                                                                                            ","e9897f"
"0656","ACCION CIUDADANA                                  ","ACCION CIUDADANA                                                                                    ","ffff00"
"0664","COMPROMISO PRINGLES                               ","COMPROMISO PRINGLES                                                                                 ","003366"
"0665","PARTIDO UNION VECINAL PROV.                       ","PARTIDO UNION VECINAL PROV.                                                                         ","ff0000"
"0667","INTEGRACION VECINALISTA ROSALEÑA                  ","INTEGRACION VECINALISTA ROSALEÑA                                                                    ","33364f"
"0670","C.UNIDAD SOCIAL Y POL. 6 DE DICIEMBRE             ","C.UNIDAD SOCIAL Y POL. 6 DE DICIEMBRE                                                               ","D99795"
"0672","UNION VECINAL DE ADOLFO GONZALES CHAVES           ","UNION VECINAL DE ADOLFO GONZALES CHAVES                                                             ","95B3D7"
"0673","CONSTRUCCION SOCIAL PARTICIPATIVA                 ","CONSTRUCCION SOCIAL PARTICIPATIVA                                                                   ","990000"
"0674","RENOVACION PARA JUNIN                             ","RENOVACION PARA JUNIN                                                                               ","6666FF"
"0693","ACCION PINAMARENSE-AP                             ","ACCION PINAMARENSE-AP                                                                               ","33CC33"
"0697","ACCION POR VILLARINO                              ","ACCION POR VILLARINO                                                                                ","414141"
"0701","UNION PARA VIVIR MEJOR                            ","UNION PARA VIVIR MEJOR                                                                              ","86A3EA"
"0702","FRENTE PARA LA VICTORIA SANTACRUCEÑA              ","FRENTE PARA LA VICTORIA SANTACRUCEÑA                                                                ","68C1EA"
"0703","ENCUENTRO POR ROJAS                               ","ENCUENTRO POR ROJAS                                                                                 ","4BACC6"
"0705","CON VOCACION POR SAN ISIDRO                       ","CON VOCACION POR SAN ISIDRO                                                                         ","ff0000"
"0734","VIENTOS DEL SUR-VISUR                             ","VIENTOS DEL SUR-VISUR                                                                               ","75923C"
"0737","PROPUESTA PINAMAR-PROPIN                          ","PROPUESTA PINAMAR-PROPIN                                                                            ","9933FF"
"0739","JUNTOS POR DORREGO                                ","JUNTOS POR DORREGO                                                                                  ","993366"
"0742","AGRUPACION VECINAL UNION POR MORON                ","AGRUPACION VECINAL UNION POR MORON                                                                  ","CC3300"
"0748","CRECER                                            ","CRECER                                                                                              ","CC0066"
"0750","TODOS VECINOS                                     ","TODOS VECINOS                                                                                       ","F2DDDC"
"0754","UNION DEL PUEBLO LA PLATA                         ","UNION DEL PUEBLO LA PLATA                                                                           ","FDE9D9"
"0758","UNA NUEVA OPORTUNIDAD SUARENSE-UNOS               ","UNA NUEVA OPORTUNIDAD SUARENSE-UNOS                                                                 ","D7E4BC"
"0768","CAUSA POPULAR BRANDSEN                            ","CAUSA POPULAR BRANDSEN                                                                              ","D7E4BC"
"0769","MIRADA AMPLIA REGIONAL                            ","MIRADA AMPLIA REGIONAL                                                                              ","00B050"
"0774","VECINOS EN ACCION PINAMAR-VENAP                   ","VECINOS EN ACCION PINAMAR-VENAP                                                                     ","F2DDDC"
"0777","AGR.MUNICIPAL DE INT.PACEÑA                       ","AGR.MUNICIPAL DE INT.PACEÑA                                                                         ","E46D0A"
"0782","UNIDAD PACEÑA                                     ","UNIDAD PACEÑA                                                                                       ","663300"
"0787","SOMOS RODRIGUEZ                                   ","SOMOS RODRIGUEZ                                                                                     ","663300"
"0789","ACUERDO CIUDADANO X TRENQUE LAUQUEN               ","ACUERDO CIUDADANO X TRENQUE LAUQUEN                                                                 ","CCFFCC"
"0792","UNION VECINAL SALLIQUELO                          ","UNION VECINAL SALLIQUELO                                                                            ","CCFF66"
"0794","VAMOS                                             ","VAMOS                                                                                               ","33CCCC"
"0799","UNIDOS POR NECOCHEA                               ","UNIDOS POR NECOCHEA                                                                                 ","CCECFF"
"0803","FRENTE MXC MERC Y SANLUISEÑOS                     ","FRENTE MXC MERC Y SANLUISEÑOS                                                                       ","4D4D4D"
"0821","JUNTOS POR SAN JUAN                               ","JUNTOS POR SAN JUAN                                                                                 ","538ED5"
"0900","FRENTE RENOVADOR DE LA CONCORDIA FTE PARA LA VICT ","FRENTE RENOVADOR DE LA CONCORDIA FTE PARA LA VICTORIA                                               ","DC206B"
"0901","FRENTE POPULAR - DE LOS RIOS LIBRES, LAS CHACRAS  ","FRENTE POPULAR - DE LOS RIOS LIBRES, LAS CHACRAS Y EL TRABAJO                                       ","A8E9EE"
"0902","PROYECTO AGRARIO Y SOCIAL PAYS                    ","PROYECTO AGRARIO Y SOCIAL PAYS                                                                      ","14EFA9"
"0903","VAMOS JUNTOS                                      ","VAMOS JUNTOS                                                                                        ","331515"
"0905","FRENTE CIVICO Y SOCIAL                            ","FRENTE CIVICO Y SOCIAL                                                                              ","15667B"
"0906","UNIDOS POR UNA NUEVA ALTERNATIVA                  ","UNIDOS POR UNA NUEVA ALTERNATIVA                                                                    ","2A2A66"
"0907","FRENTE UNIDOS UNA                                 ","FRENTE UNIDOS UNA                                                                                   ","486964"
"1806","ALIANZA FRENTE MARPLATENSE                        ","ALIANZA FRENTE MARPLATENSE                                                                          ","FF99CC"
"3001","17 DE OCTUBRE                                     ","17 DE OCTUBRE                                                                                       ","AAC80B"
"3002","1ª OPCION PARA LOS JOVENES                        ","1ª OPCION PARA LOS JOVENES                                                                          ","CC1515"
"3003","28 PARA TODOS                                     ","28 PARA TODOS                                                                                       ","7B9915"
"3004","28 SOMOS TODOS                                    ","28 SOMOS TODOS                                                                                      ","48E166"
"3005","ABANDERADA DE LOS HUMILDES                        ","ABANDERADA DE LOS HUMILDES                                                                          ","745656"
"3006","ACEPTA EL DESAFIO                                 ","ACEPTA EL DESAFIO                                                                                   ","60DFDB"
"3007","ACEPTA EL DESAFIO                                 ","ACEPTA EL DESAFIO                                                                                   ","3F3F99"
"3008","AGRUPACION FRENTE ANTIGUENSE                      ","AGRUPACION FRENTE ANTIGUENSE                                                                        ","8AC551"
"3009","AHORA SI                                          ","AHORA SI                                                                                            ","AE4833"
"3010","AHORA SI VAMOS A CAMBIAR                          ","AHORA SI VAMOS A CAMBIAR                                                                            ","CC487B"
"3011","AHORA TRUNCADO                                    ","AHORA TRUNCADO                                                                                      ","311435"
"3012","ARRIBA RIO TURBIO                                 ","ARRIBA RIO TURBIO                                                                                   ","00157B"
"3013","BASES PARA SEGUIR CONSTRUYENDO                    ","BASES PARA SEGUIR CONSTRUYENDO                                                                      ","0811F1"
"3014","CALAFATE AVANZA                                   ","CALAFATE AVANZA                                                                                     ","13FE0D"
"3015","CALETA TIENE FUTURO                               ","CALETA TIENE FUTURO                                                                                 ","0BF9D1"
"3016","CALETA VA A VIVIR MEJOR                           ","CALETA VA A VIVIR MEJOR                                                                             ","EC18D1"
"3017","CAMBIAS VOS CAMBIA PICO TRUNCADO                  ","CAMBIAS VOS CAMBIA PICO TRUNCADO                                                                    ","15C583"
"3018","CAMBIEMOS RIO GALLEGOS                            ","CAMBIEMOS RIO GALLEGOS                                                                              ","26F2F1"
"3019","CAMINO A LA VICTORIA                              ","CAMINO A LA VICTORIA                                                                                ","F9A01F"
"3020","CAPACIDAD Y DEDICACION                            ","CAPACIDAD Y DEDICACION                                                                              ","7B4833"
"3021","COMPARTIR GREGORES                                ","COMPARTIR GREGORES                                                                                  ","994815"
"3022","COMPROMISO POR PUERTO DESEADO                     ","COMPROMISO POR PUERTO DESEADO                                                                       ","E133E1"
"3023","COMPROMISO POR SANTA CRUZ                         ","COMPROMISO POR SANTA CRUZ                                                                           ","E11599"
"3024","CONSTRUYAMOS JUNTOS EN RIO GALLEGOS               ","CONSTRUYAMOS JUNTOS EN RIO GALLEGOS                                                                 ","66E1E1"
"3025","CONSTRUYENDO KOLINA                               ","CONSTRUYENDO KOLINA                                                                                 ","E12015"
"3026","CRECIMIENTO Y PROGRESO                            ","CRECIMIENTO Y PROGRESO                                                                              ","626280"
"3027","CREER ES CREAR                                    ","CREER ES CREAR                                                                                      ","B9B800"
"3028","DESARROLLO PARA CALAFATE                          ","DESARROLLO PARA CALAFATE                                                                            ","15AE00"
"3029","DESARROLLO RIO TURBIO                             ","DESARROLLO RIO TURBIO                                                                               ","662A2A"
"3030","DESEADENSES UNIDOS                                ","DESEADENSES UNIDOS                                                                                  ","15AE66"
"3031","DESEADO VA A VIVIR MEJOR                          ","DESEADO VA A VIVIR MEJOR                                                                            ","E82A2A"
"3032","EL CALAFATE Y VOS                                 ","EL CALAFATE Y VOS                                                                                   ","0CE1DF"
"3033","EL CAMBIO EN CALAFATE                             ","EL CAMBIO EN CALAFATE                                                                               ","664B64"
"3034","EL CAMBIO ES DE TODOS                             ","EL CAMBIO ES DE TODOS                                                                               ","7DF400"
"3035","EL CAMBIO JUSTO                                   ","EL CAMBIO JUSTO                                                                                     ","993F3F"
"3036","EL CAMBIO JUSTO                                   ","EL CAMBIO JUSTO                                                                                     ","E1E133"
"3037","EL CAMBIO JUSTO                                   ","EL CAMBIO JUSTO                                                                                     ","00D5EF"
"3038","EL CAMBIO JUSTO                                   ","EL CAMBIO JUSTO                                                                                     ","094059"
"3039","EL CAMBIO JUSTO                                   ","EL CAMBIO JUSTO                                                                                     ","484B82"
"3040","EL CAMBIO JUSTO                                   ","EL CAMBIO JUSTO                                                                                     ","D61A16"
"3041","EL CAMBIO JUSTO                                   ","EL CAMBIO JUSTO                                                                                     ","D53315"
"3042","EL CAMBIO YA EMPEZO                               ","EL CAMBIO YA EMPEZO                                                                                 ","5454CC"
"3043","EL CAMINO DEL CAMBIO                              ","EL CAMINO DEL CAMBIO                                                                                ","2A662A"
"3044","EL CAMINO DEL CAMBIO                              ","EL CAMINO DEL CAMBIO                                                                                ","1C3F3F"
"3045","EL CAMINO DEL CAMBIO                              ","EL CAMINO DEL CAMBIO                                                                                ","7BE133"
"3046","EMPIEZA EL CAMBIO                                 ","EMPIEZA EL CAMBIO                                                                                   ","339515"
"3047","ENCUENTRO CIUDADANO                               ","ENCUENTRO CIUDADANO                                                                                 ","E13315"
"3048","ENCUENTRO CIUDADANO                               ","ENCUENTRO CIUDADANO                                                                                 ","15C524"
"3049","ENCUENTRO CIUDADANO                               ","ENCUENTRO CIUDADANO                                                                                 ","CC5454"
"3050","ENCUENTRO CIUDADANO                               ","ENCUENTRO CIUDADANO                                                                                 ","156583"
"3051","ENCUENTRO CIUDADANO POR SANTA CRUZ                ","ENCUENTRO CIUDADANO POR SANTA CRUZ                                                                  ","33AE48"
"3052","FIRMES Y DIGNOS                                   ","FIRMES Y DIGNOS                                                                                     ","46474A"
"3053","FORJAR LAS HERAS                                  ","FORJAR LAS HERAS                                                                                    ","335D2A"
"3054","FRENTE DE LA ESPERANZA                            ","FRENTE DE LA ESPERANZA                                                                              ","1D193F"
"3055","FRENTE IZQUIERDA Y LOS TRABAJADORES               ","FRENTE IZQUIERDA Y LOS TRABAJADORES                                                                 ","33EA05"
"3056","FRENTE IZQUIERDA Y LOS TRABAJADORES               ","FRENTE IZQUIERDA Y LOS TRABAJADORES                                                                 ","696900"
"3057","FRENTE IZQUIERDA Y LOS TRABAJADORES               ","FRENTE IZQUIERDA Y LOS TRABAJADORES                                                                 ","5B7A5F"
"3058","FRENTE IZQUIERDA Y LOS TRABAJADORES               ","FRENTE IZQUIERDA Y LOS TRABAJADORES                                                                 ","12F3F3"
"3059","FRENTE IZQUIERDA Y LOS TRABAJADORES               ","FRENTE IZQUIERDA Y LOS TRABAJADORES                                                                 ","922815"
"3060","FRENTE IZQUIERDA Y LOS TRABAJADORES               ","FRENTE IZQUIERDA Y LOS TRABAJADORES                                                                 ","272259"
"3061","FRENTE IZQUIERDA Y LOS TRABAJADORES               ","FRENTE IZQUIERDA Y LOS TRABAJADORES                                                                 ","8A08EE"
"3062","FRENTE IZQUIERDA Y LOS TRABAJADORES               ","FRENTE IZQUIERDA Y LOS TRABAJADORES                                                                 ","FE9EB2"
"3063","FRENTE IZQUIERDA Y LOS TRABAJADORES               ","FRENTE IZQUIERDA Y LOS TRABAJADORES                                                                 ","006969"
"3064","FRENTE IZQUIERDA Y LOS TRABAJADORES               ","FRENTE IZQUIERDA Y LOS TRABAJADORES                                                                 ","154899"
"3065","FRENTE IZQUIERDA Y LOS TRABAJADORES               ","FRENTE IZQUIERDA Y LOS TRABAJADORES                                                                 ","337E7E"
"3066","FRENTE IZQUIERDA Y LOS TRABAJADORES               ","FRENTE IZQUIERDA Y LOS TRABAJADORES                                                                 ","5D60B5"
"3067","GALLEGOS MERECE ESTAR MEJOR                       ","GALLEGOS MERECE ESTAR MEJOR                                                                         ","EECAAA"
"3068","GESTION INTEGRADORA SANTACRUCEÑA                  ","GESTION INTEGRADORA SANTACRUCEÑA                                                                    ","BFDD3E"
"3069","GESTION Y COMPROMISO                              ","GESTION Y COMPROMISO                                                                                ","AE3315"
"3070","IGUALDAD, FUTURO Y COMPROMISO                     ","IGUALDAD, FUTURO Y COMPROMISO                                                                       ","7B7B33"
"3071","JP OKTUBRE                                        ","JP OKTUBRE                                                                                          ","66E148"
"3072","JUNTOS A LA VICTORIA                              ","JUNTOS A LA VICTORIA                                                                                ","567456"
"3073","JUNTOS PARA EL CAMBIO                             ","JUNTOS PARA EL CAMBIO                                                                               ","60C1F9"
"3074","JUNTOS PARA VIVIR MEJOR                           ","JUNTOS PARA VIVIR MEJOR                                                                             ","669393"
"3075","JUNTOS PODEMOS                                    ","JUNTOS PODEMOS                                                                                      ","8AA76F"
"3076","JUNTOS POR EL CAMBIO                              ","JUNTOS POR EL CAMBIO                                                                                ","CC4815"
"3077","JUNTOS POR EL CAMBIO                              ","JUNTOS POR EL CAMBIO                                                                                ","AE667B"
"3078","JUNTOS POR GREGORES                               ","JUNTOS POR GREGORES                                                                                 ","E14833"
"3079","JUNTOS POR UN CAMBIO MEJOR                        ","JUNTOS POR UN CAMBIO MEJOR                                                                          ","332A90"
"3080","JUNTOS QUEREMOS CAMBIAR                           ","JUNTOS QUEREMOS CAMBIAR                                                                             ","08F210"
"3081","JUVENTUD LA FUERZA DE PERITO                      ","JUVENTUD LA FUERZA DE PERITO                                                                        ","31FEEE"
"3082","KOLINA INTEGRACION RIO GALLEGOS                   ","KOLINA INTEGRACION RIO GALLEGOS                                                                     ","024BE6"
"3083","KOLINA TRANSFORMANDO RIO GALLEGOS                 ","KOLINA TRANSFORMANDO RIO GALLEGOS                                                                   ","3E0FE6"
"3084","LA GENERACION DEL CAMBIO                          ","LA GENERACION DEL CAMBIO                                                                            ","2ADAB6"
"3085","LAS HERAS SOMOS TODOS                             ","LAS HERAS SOMOS TODOS                                                                               ","1D4407"
"3086","LEALTAD CON FE                                    ","LEALTAD CON FE                                                                                      ","18821F"
"3087","LEALTAD Y COMPROMISO                              ","LEALTAD Y COMPROMISO                                                                                ","7B6615"
"3088","MEJOR GESTION                                     ","MEJOR GESTION                                                                                       ","905D66"
"3089","MERECEMOS ESTAR MEJOR                             ","MERECEMOS ESTAR MEJOR                                                                               ","F666F6"
"3090","MILITANCIA SANJULIANENSE                          ","MILITANCIA SANJULIANENSE                                                                            ","663FA5"
"3091","MOVIMIENTO AL SOCIALISMO                          ","MOVIMIENTO AL SOCIALISMO                                                                            ","48E100"
"3092","MOVIMIENTO SOCIALISTA DE LOS TRABAJADORES         ","MOVIMIENTO SOCIALISTA DE LOS TRABAJADORES                                                           ","000215"
"3093","NUEVA REFERENCIA                                  ","NUEVA REFERENCIA                                                                                    ","628062"
"3094","PENSANDO EL FUTURO                                ","PENSANDO EL FUTURO                                                                                  ","68A309"
"3095","PERITO SOMOS TODOS                                ","PERITO SOMOS TODOS                                                                                  ","33AEE1"
"3096","PODEMOS VIVIR MEJOR                               ","PODEMOS VIVIR MEJOR                                                                                 ","3F993F"
"3097","POR SIEMPRE SANTA CRUZ                            ","POR SIEMPRE SANTA CRUZ                                                                              ","66C35D"
"3098","POR UN CAMBIO                                     ","POR UN CAMBIO                                                                                       ","A183A1"
"3099","POR UN DESEADO MEJOR                              ","POR UN DESEADO MEJOR                                                                                ","72AE54"
"3100","POR UN FUTURO MEJOR                               ","POR UN FUTURO MEJOR                                                                                 ","CD4D49"
"3101","POR UN GREGORES MEJOR                             ","POR UN GREGORES MEJOR                                                                               ","092A48"
"3102","POR UN MEJOR FUTURO                               ","POR UN MEJOR FUTURO                                                                                 ","40DE70"
"3103","PRIMERO CALAFATE                                  ","PRIMERO CALAFATE                                                                                    ","22DE8E"
"3104","PRIMERO PERITO MORENO                             ","PRIMERO PERITO MORENO                                                                               ","315472"
"3105","PRIMERO PICO TRUNCADO                             ","PRIMERO PICO TRUNCADO                                                                               ","AE152A"
"3106","PRIMERO PIEDRABUENA                               ","PRIMERO PIEDRABUENA                                                                                 ","2AC848"
"3107","PRIMERO PUERTO SANTA CRUZ                         ","PRIMERO PUERTO SANTA CRUZ                                                                           ","152A48"
"3108","PRIMERO SANTA CRUZ                                ","PRIMERO SANTA CRUZ                                                                                  ","48F81B"
"3109","PRIMERO SANTA CRUZ                                ","PRIMERO SANTA CRUZ                                                                                  ","2A48E1"
"3110","PROGRESO PARA 28                                  ","PROGRESO PARA 28                                                                                    ","487A98"
"3111","PROSPERIDAD Y DESARROLLO                          ","PROSPERIDAD Y DESARROLLO                                                                            ","4705BE"
"3112","PROYECTAR SANTA CRUZ                              ","PROYECTAR SANTA CRUZ                                                                                ","7E9C15"
"3113","PROYECTO CALETA                                   ","PROYECTO CALETA                                                                                     ","48725D"
"3114","RENOVANDO ESPERANZAS                              ","RENOVANDO ESPERANZAS                                                                                ","2622ED"
"3115","RIO GALLEGOS ENTRE TODOS                          ","RIO GALLEGOS ENTRE TODOS                                                                            ","F60923"
"3116","SABEMOS COMO HACERLO                              ","SABEMOS COMO HACERLO                                                                                ","48F648"
"3117","SAN JULIAN SOMOS TODOS                            ","SAN JULIAN SOMOS TODOS                                                                              ","8E8F74"
"3118","SANTA CRUZ SOMOS TODOS                            ","SANTA CRUZ SOMOS TODOS                                                                              ","31F553"
"3119","SIEMPRE CALETA                                    ","SIEMPRE CALETA                                                                                      ","CECD33"
"3120","SIEMPRE PERITO MORENO                             ","SIEMPRE PERITO MORENO                                                                               ","C53D2A"
"3121","SIEMPRE SANTA CRUZ                                ","SIEMPRE SANTA CRUZ                                                                                  ","F15380"
"3122","SOCIALISMO SANTACRUCEÑO                           ","SOCIALISMO SANTACRUCEÑO                                                                             ","BDFE22"
"3123","SOL PARA TODOS                                    ","SOL PARA TODOS                                                                                      ","7A1AD3"
"3124","SOMOS LA DIFERENCIA                               ","SOMOS LA DIFERENCIA                                                                                 ","7BA8C6"
"3125","SOÑANDO JUNTOS POR CALETA                         ","SOÑANDO JUNTOS POR CALETA                                                                           ","487B90"
"3126","SUEÑOS SANTACRUCEÑOS                              ","SUEÑOS SANTACRUCEÑOS                                                                                ","3F5D7B"
"3127","SUMAR PARA CRECER                                 ","SUMAR PARA CRECER                                                                                   ","5D7E97"
"3128","TODOS JUNTOS                                      ","TODOS JUNTOS                                                                                        ","F2F253"
"3129","TODOS PARA LOS ANTIGUOS                           ","TODOS PARA LOS ANTIGUOS                                                                             ","E1482A"
"3130","TODOS POR EL CAMBIO                               ","TODOS POR EL CAMBIO                                                                                 ","90AE48"
"3131","TODOS POR LAS HERAS                               ","TODOS POR LAS HERAS                                                                                 ","7BF67B"
"3132","TRANSFORMACION SANTACRUCEÑA                       ","TRANSFORMACION SANTACRUCEÑA                                                                         ","89896B"
"3133","TRUNCADO AVANZA                                   ","TRUNCADO AVANZA                                                                                     ","75F40F"
"3134","TRUNCADO GANA                                     ","TRUNCADO GANA                                                                                       ","7254AE"
"3135","TRUNCADO PRIMERO                                  ","TRUNCADO PRIMERO                                                                                    ","9FF866"
"3136","UNIDOS POR CALETA                                 ","UNIDOS POR CALETA                                                                                   ","C35D66"
"3137","UNION PARA CAMBIAR LAS HERAS                      ","UNION PARA CAMBIAR LAS HERAS                                                                        ","005D90"
"3138","UNION PARA EL CAMBIO                              ","UNION PARA EL CAMBIO                                                                                ","708F92"
"3139","VALORES PARA MI CIUDAD                            ","VALORES PARA MI CIUDAD                                                                              ","7B72BA"
"3140","VAMOS A VIVIR MEJOR                               ","VAMOS A VIVIR MEJOR                                                                                 ","32593A"
"3141","VAMOS A VIVIR MEJOR                               ","VAMOS A VIVIR MEJOR                                                                                 ","461422"
"3142","VAMOS DESEADO                                     ","VAMOS DESEADO                                                                                       ","5342FB"
"9997","OTROS                                             ","OTROS                                                                                               ","FFFF00"
"9998","RESTO DE AGRUPACIONES                             ","RESTO DE AGRUPACIONES                                                                               ","FF9933"
